{
   "device" : {
      "eye_target_height_in_pixels" : 1600,
      "eye_target_width_in_pixels" : 1440,
      "first_eye" : "eEYE_LEFT",
      "hidden_area_mesh" : 5,
      "last_eye" : "eEYE_RIGHT",
      "num_windows" : 1
   },
   "device_class" : "hmd",
   "device_pid" : 8192,
   "device_serial_number" : "LHR-D1A6F49D",
   "device_vid" : 10462,
   "direct_mode_edid_pid" : "91A8",
   "direct_mode_edid_vid" : "VLV",
   "display_edid" : [ "", "" ],
   "expected_bases" : 2,
   "expected_controllers" : 2,
   "head" : {
      "plus_x" : [ -1, 0, 0 ],
      "plus_z" : [ 0, -0, -1 ],
      "position" : [ 0, 0, -0.01092000026255846 ]
   },
   "imu" : {
      "acc_bias" : [ -0.0705535337, -0.0668647513, 0.172424108 ],
      "acc_scale" : [ 0.999503911, 1.00012636, 1.00163376 ],
      "gyro_bias" : [ 0.0114819277, 0.00664532837, -0.0087885065 ],
      "plus_x" : [ 3.4228541778702493e-08, -0.99999996577145822, -0 ],
      "plus_z" : [ 0, -0, 1 ],
      "position" : [ -0.053339999169111252, 0.0370200015604496, 0.057069998234510422 ]
   },
   "ipd" : {
      "enable" : true,
      "high_mm" : 70,
      "low_mm" : 58.0000076,
      "minstep_mm" : 2
   },
   "lighthouse_config" : {
      "channelMap" : [ 13, 14, 15, 4, 12, 3, 11, 16, 10, 5, 6, 2, 9, 7, 8, 1, 0, 28, 20, 27, 29, 30, 19, 31, 26, 17, 18, 21, 25, 24, 22, 23 ],
      "modelNormals" : [
         [ 0.778691828, 0.622605145, -0.0774715245 ],
         [ 9.79999968e-05, 0.667682767, 0.74444592 ],
         [ 0.000722999976, 0.988561928, -0.150813654 ],
         [ 0.123117998, 0.553260148, 0.82385987 ],
         [ 0.332606047, 0.903485119, -0.270348072 ],
         [ 0.344565004, 0.381300271, 0.857837379 ],
         [ 0.86151129, 0.384554148, -0.33153674 ],
         [ 0.898183763, 0.216545999, -0.382588267 ],
         [ 0.962244749, 0.00692530815, -0.272097528 ],
         [ 0.92692101, -0.179479823, -0.329551786 ],
         [ 0.751371026, -0.627331793, -0.204686329 ],
         [ 0.647259951, -0.00111135992, 0.762268603 ],
         [ 0.330946028, -0.918073952, -0.218208492 ],
         [ 0.511129141, -0.835072577, -0.203471959 ],
         [ 0.00573800039, -0.999502659, -0.0310112145 ],
         [ 0.0516760014, -0.299966991, 0.952548921 ],
         [ 0, -0.356254667, 0.934388876 ],
         [ -0.00573800039, -0.999502659, -0.0310112145 ],
         [ -0.0516760014, -0.299966991, 0.952548921 ],
         [ -0.330946028, -0.918073952, -0.218208492 ],
         [ -0.511129141, -0.835072577, -0.203471959 ],
         [ -0.751371026, -0.627331793, -0.204686329 ],
         [ -0.647259951, -0.00111135992, 0.762268603 ],
         [ -0.92692101, -0.179479823, -0.329551786 ],
         [ -0.962244749, 0.00692530815, -0.272097528 ],
         [ -0.123117998, 0.553260148, 0.82385987 ],
         [ -0.344565004, 0.381300271, 0.857837379 ],
         [ -0.898183763, 0.216545999, -0.382588267 ],
         [ -0.86151129, 0.384554148, -0.33153674 ],
         [ -0.332606047, 0.903485119, -0.270348072 ],
         [ -0.000722999976, 0.988561928, -0.150813654 ],
         [ -0.778691828, 0.622605145, -0.0774715245 ]
      ],
      "modelPoints" : [
         [ 0.0243148077, 0.0517361239, 0.0392967723 ],
         [ -4.33593414e-05, 0.0535928346, 0.0504302941 ],
         [ 0.0493075512, 0.0473933741, 0.0496439561 ],
         [ 0.0501199216, 0.0445693173, 0.0612215027 ],
         [ 0.0771458, 0.0424521267, 0.0319847763 ],
         [ 0.0794665068, 0.042094335, 0.0552375615 ],
         [ 0.0831841007, 0.0344728716, 0.0269768126 ],
         [ 0.0895788968, 0.0344105773, 0.0432607681 ],
         [ 0.0871145949, -0.00187878974, 0.0226382855 ],
         [ 0.0921943337, -0.00898594316, 0.0407320559 ],
         [ 0.0887774006, -0.0185832903, 0.0463416576 ],
         [ 0.0885813385, -0.0147551475, 0.057040263 ],
         [ 0.0662968755, -0.045902431, 0.0359110944 ],
         [ 0.0747226253, -0.0460752808, 0.0526926853 ],
         [ 0.0432676226, -0.0506337993, 0.0592210181 ],
         [ 0.038401667, -0.0383191295, 0.072725758 ],
         [ -0.000117272284, -0.0405244827, 0.0727283433 ],
         [ -0.043158263, -0.0506456308, 0.0588948801 ],
         [ -0.03874835, -0.0382850133, 0.0726130977 ],
         [ -0.0665002987, -0.0459030196, 0.0357641801 ],
         [ -0.0743958429, -0.0462346673, 0.0526115708 ],
         [ -0.0890421867, -0.0186333302, 0.0465438515 ],
         [ -0.0887527391, -0.0147122787, 0.0567353107 ],
         [ -0.0924265757, -0.00916904397, 0.0408713035 ],
         [ -0.0871711001, -0.00208828319, 0.0230384935 ],
         [ -0.0498934351, 0.0445055924, 0.0611045472 ],
         [ -0.0791538954, 0.042005986, 0.0550900437 ],
         [ -0.0893352702, 0.0346139334, 0.0432287566 ],
         [ -0.0829311684, 0.0343026593, 0.0270522609 ],
         [ -0.0771023557, 0.0423888229, 0.0319215544 ],
         [ -0.0493701026, 0.0476167761, 0.0498960838 ],
         [ -0.0243327655, 0.0515015461, 0.0396376885 ]
      ]
   },
   "manufacturer" : "Valve",
   "mfg_build_info" : {
      "rootserial" : "AUAA92660019"
   },
   "model_number" : "Utah MP",
   "resource_root" : "utah",
   "revision" : 9,
   "tracked_cameras" : [
      {
         "cal_method" : "tz",
         "extrinsics" : {
            "plus_x" : [ -0.99647595408860035, -0.00023763803928473267, 0.083877426582097916 ],
            "plus_z" : [ -0.083877660266360829, 0.0043899070535016634, -0.99646629298933109 ],
            "position" : [ 0.067489996552467346, -0.032940000295639038, 0.068810001015663147 ]
         },
         "intrinsics" : {
            "center_x" : 479.64424024852633,
            "center_y" : 485.78645942229201,
            "distort" : {
               "coeffs" : [ 0.19410619957878758, 0.022454935689828745, -0.19428306402083509, 0.076463113997518595 ],
               "type" : "DISTORT_EXTENDED_FTHETA"
            },
            "focal_x" : 418.41580570802768,
            "focal_y" : 418.62662621906162,
            "height" : 960,
            "interface" : "",
            "width" : 960
         },
         "name" : "left",
         "white_balance" : [ 1.29352903, 1.00112367, 1.61132729, 0 ]
      },
      {
         "cal_method" : "tz",
         "extrinsics" : {
            "plus_x" : [ -0.99731417648874321, -0.018659079510166085, -0.07082400489606816 ],
            "plus_z" : [ 0.070594123610073389, 0.01270423127530141, -0.9974241022502619 ],
            "position" : [ -0.067489996552467346, -0.032940000295639038, 0.068810001015663147 ]
         },
         "intrinsics" : {
            "center_x" : 489.94681040506862,
            "center_y" : 479.29834037532316,
            "distort" : {
               "coeffs" : [ 0.19870530171990913, 0.015463806382793434, -0.19784593850084428, 0.082317193949059717 ],
               "type" : "DISTORT_EXTENDED_FTHETA"
            },
            "focal_x" : 418.4271315486078,
            "focal_y" : 418.59062814251695,
            "height" : 960,
            "interface" : "",
            "width" : 960
         },
         "name" : "right",
         "white_balance" : [ 1.26917756, 1.00165355, 1.6128695, 0 ]
      }
   ],
   "tracking_to_eye_transform" : [
      {
         "distortion" : {
            "center_x" : 0.021114012579432521,
            "center_y" : 0.0039238416861522296,
            "coeffs" : [ -0.24670685058756017, -0.004377478401930624, -0.040370778350775453, -0.0014087808390980034 ],
            "type" : "DISTORT_DPOLY3_SCALED"
         },
         "distortion_blue" : {
            "center_x" : 0.020651095912765843,
            "center_y" : 0.0039238416861522296,
            "coeffs" : [ -0.25923020656838475, 0.004113689067131103, -0.048902881775427669, 0.0060740556721096935 ],
            "type" : "DISTORT_DPOLY3_SCALED"
         },
         "distortion_red" : {
            "center_x" : 0.021576970912765919,