{
   "device" : {
      "eye_target_height_in_pixels" : 1600,
      "eye_target_width_in_pixels" : 1440,
      "first_eye" : "eEYE_LEFT",
      "hidden_area_mesh" : 5,
      "last_eye" : "eEYE_RIGHT",
      "num_windows" : 1
   },
   "device_class" : "hmd",
   "device_pid" : 8192,
   "device_serial_number" : "LHR-03C35E9E",
   "device_vid" : 10462,
   "direct_mode_edid_pid" : "91A8",
   "direct_mode_edid_vid" : "VLV",
   "display_edid" : [ "", "" ],
   "expected_bases" : 2,
   "expected_controllers" : 2,
   "head" : {
      "plus_x" : [ -1, 0, 0 ],
      "plus_z" : [ 0, -0, -1 ],
      "position" : [ 0, 0, -0.01092000026255846 ]
   },
   "imu" : {
      "acc_bias" : [ -0.0298074875, -0.0912648663, 0.200946733 ],
      "acc_scale" : [ 0.999494731, 0.999031782, 0.997203827 ],
      "gyro_bias" : [ 0.00957509223, 0.00759952376, 0.0154537801 ],
      "plus_x" : [ 3.4228541778702493e-08, -0.99999996577145822, -0 ],
      "plus_z" : [ 0, -0, 1 ],
      "position" : [ -0.053339999169111252, 0.0370200015604496, 0.057069998234510422 ]
   },
   "ipd" : {
      "enable" : true,
      "high_mm" : 70,
      "low_mm" : 58.0000076,
      "minstep_mm" : 2
   },
   "lighthouse_config" : {
      "channelMap" : [ 13, 14, 15, 4, 12, 3, 11, 16, 10, 5, 6, 2, 9, 7, 8, 1, 0, 28, 20, 27, 29, 30, 19, 31, 26, 17, 18, 21, 25, 24, 22, 23 ],
      "modelNormals" : [
         [ 0.778691828, 0.622605145, -0.0774715245 ],
         [ 9.79999968e-05, 0.667682767, 0.74444592 ],
         [ 0.000722999976, 0.988561928, -0.150813654 ],
         [ 0.123117998, 0.553260148, 0.82385987 ],
         [ 0.332606047, 0.903485119, -0.270348072 ],
         [ 0.344565004, 0.381300271, 0.857837379 ],
         [ 0.86151129, 0.384554148, -0.33153674 ],
         [ 0.898183763, 0.216545999, -0.382588267 ],
         [ 0.962244749, 0.00692530815, -0.272097528 ],
         [ 0.92692101, -0.179479823, -0.329551786 ],
         [ 0.751371026, -0.627331793, -0.204686329 ],
         [ 0.647259951, -0.00111135992, 0.762268603 ],
         [ 0.330946028, -0.918073952, -0.218208492 ],
         [ 0.511129141, -0.835072577, -0.203471959 ],
         [ 0.00573800039, -0.999502659, -0.0310112145 ],
         [ 0.0516760014, -0.299966991, 0.952548921 ],
         [ 0, -0.356254667, 0.934388876 ],
         [ -0.00573800039, -0.999502659, -0.0310112145 ],
         [ -0.0516760014, -0.299966991, 0.952548921 ],
         [ -0.330946028, -0.918073952, -0.218208492 ],
         [ -0.511129141, -0.835072577, -0.203471959 ],
         [ -0.751371026, -0.627331793, -0.204686329 ],
         [ -0.647259951, -0.00111135992, 0.762268603 ],
         [ -0.92692101, -0.179479823, -0.329551786 ],
         [ -0.962244749, 0.00692530815, -0.272097528 ],
         [ -0.123117998, 0.553260148, 0.82385987 ],
         [ -0.344565004, 0.381300271, 0.857837379 ],
         [ -0.898183763, 0.216545999, -0.382588267 ],
         [ -0.86151129, 0.384554148, -0.33153674 ],
         [ -0.332606047, 0.903485119, -0.270348072 ],
         [ -0.000722999976, 0.988561928, -0.150813654 ],
         [ -0.778691828, 0.622605145, -0.0774715245 ]
      ],
      "modelPoints" : [
         [ 0.0243037604, 0.0512905233, 0.0391331129 ],
         [ -0.000332412223, 0.0534053408, 0.0502283387 ],
         [ 0.0493513718, 0.0473279394, 0.0498071238 ],
         [ 0.0499374084, 0.0444851853, 0.060931094 ],
         [ 0.0772218108, 0.0422741733, 0.031639494 ],
         [ 0.0790111423, 0.042002365, 0.0550289638 ],
         [ 0.0831210092, 0.0342990868, 0.0268981773 ],
         [ 0.0895198733, 0.0345270522, 0.043170087 ],
         [ 0.0872542113, -0.00208281726, 0.0230038539 ],
         [ 0.092375271, -0.00912398566, 0.0410663262 ],
         [ 0.0889466107, -0.0184772853, 0.0464884154 ],
         [ 0.0884636864, -0.0145243397, 0.0570381843 ],
         [ 0.066664502, -0.0459073707, 0.0359044038 ],
         [ 0.0745963901, -0.0461480767, 0.0527597368 ],
         [ 0.0429326929, -0.0505503602, 0.0593020767 ],
         [ 0.0386075154, -0.0380804315, 0.0728133023 ],
         [ 8.34874008e-05, -0.0402900837, 0.0728364214 ],
         [ -0.0432590544, -0.0507290922, 0.0584667362 ],
         [ -0.0382556543, -0.0384172648, 0.0725848302 ],
         [ -0.066390194, -0.0457877554, 0.0355409198 ],
         [ -0.0741922259, -0.0463355668, 0.0524226017 ],
         [ -0.0891917199, -0.0184107497, 0.0464653596 ],
         [ -0.0884665847, -0.0146178985, 0.0568650961 ],
         [ -0.0923837647, -0.00902086683, 0.0408863015 ],
         [ -0.0870766789, -0.00163707417, 0.0228144825 ],
         [ -0.0499363504, 0.0443619564, 0.0611540228 ],
         [ -0.0791247189, 0.0418657102, 0.0551932529 ],
         [ -0.0893545821, 0.0348157361, 0.0435413085 ],
         [ -0.0830980539, 0.0345415808, 0.0274208747 ],
         [ -0.077252768, 0.0423702188, 0.0320398137 ],
         [ -0.0498272777, 0.0474344343, 0.049909018 ],
         [ -0.0242497846, 0.0514287241, 0.0395416878 ]
      ]
   },
   "manufacturer" : "Valve",
   "mfg_build_info" : {
      "rootserial" : "AUAA92910145"
   },
   "model_number" : "Utah MP",
   "resource_root" : "utah",
   "revision" : 9,
   "tracked_cameras" : [
      {
         "cal_method" : "tz",
         "extrinsics" : {
            "plus_x" : [ -0.99679713809829007, 0.01893715732035783, 0.077695831278491959 ],
            "plus_z" : [ -0.077460209829163837, 0.012874551431764344, -0.99691221000300567 ],
            "position" : [ 0.067489996552467346, -0.032940000295639038, 0.068810001015663147 ]
         },
         "intrinsics" : {
            "center_x" : 479.95512638864648,
            "center_y" : 494.65493411256119,
            "distort" : {
               "coeffs" : [ 0.18648306611804119, 0.050059206430924257, -0.23404199955778046, 0.094821041283146279 ],
               "type" : "DISTORT_EXTENDED_FTHETA"
            },
            "focal_x" : 416.31411678369369,
            "focal_y" : 416.58443758012879,
            "height" : 960,
            "interface" : "",
            "width" : 960
         },
         "name" : "left",
         "white_balance" : [ 1.38956082, 1.00105441, 1.58524334, 0 ]
      },
      {
         "cal_method" : "tz",
         "extrinsics" : {
            "plus_x" : [ -0.99673504464282581, 0.023113788848447538, -0.077363359604963391 ],
            "plus_z" : [ 0.077938237422549059, 0.02510124160331241, -0.99664218487724021 ],
            "position" : [ -0.067489996552467346, -0.032940000295639038, 0.068810001015663147 ]
         },
         "intrinsics" : {
            "center_x" : 498.6950896143876,
            "center_y" : 489.7656924404817,
            "distort" : {
               "coeffs" : [ 0.19390501747371788, 0.026175059487212046, -0.20542563552687756, 0.083383913538541549 ],
               "type" : "DISTORT_EXTENDED_FTHETA"
            },
            "focal_x" : 418.08399692887411,
            "focal_y" : 418.51101065911286,
            "height" : 960,
            "interface" : "",
            "width" : 960
         },
         "name" : "right",
         "white_balance" : [ 1.28455937, 1.00112438, 1.55150974, 0 ]
      }
   ],
   "tracking_to_eye_transform" : [
      {
         "distortion" : {
            "center_x" : 0.017068364748046367,
            "center_y" : -0.0015987856769123078,
            "coeffs" : [ -0.23821020842352131, -0.020713574776142999, -0.029452572859200322, -0.0008444976683348607 ],
            "type" : "DISTORT_DPOLY3_SCALED"
         },
         "distortion_blue" : {
            "center_x" : 0.01660544808137969,
            "center_y" : -0.0015987856769123078,
            "coeffs" : [ -0.25135728533620527, -0.010772019559296462, -0.038926995330327112, 0.0064663967365619478 ],
            "type" : "DISTORT_DPOLY3_SCALED"
         },
         "distortion_red" : {
            "center_x" : 0.017531323081379765,